<?xml version="1.0"?>
<!DOCTYPE cross-domain-policy SYSTEM "http://www.adobe.com/xml/dtds/cross-domain-policy.dtd">

<cross-domain-policy>
	<site-control permitted-cross-domain-policies="all"/>
	<allow-access-from domain="local.git" secure="false"/>
	<allow-access-from domain="local.evil" secure="false"/>
	<allow-access-from domain="rubaxa.org" secure="false"/>
	<allow-access-from domain="*.rubaxa.org" secure="false"/>
	<allow-access-from domain="github.com" secure="false"/>
	<allow-access-from domain="*.github.com" secure="false"/>
	<allow-access-from domain="github.io" secure="false"/>
	<allow-access-from domain="*.github.io" secure="false"/>
	<allow-access-from domain="mail.ru" secure="false"/>
	<allow-access-from domain="*.mail.ru" secure="false"/>
	<allow-access-from domain="imgsmail.ru" secure="false"/>
	<allow-access-from domain="*.imgsmail.ru" secure="false"/>
	<allow-access-from domain="img.imgsmail.ru" secure="false"/>
	<allow-access-from domain="*.img.imgsmail.ru" secure="false"/>
	<allow-http-request-headers-from domain="*" headers="*" secure="false"/>
</cross-domain-policy>
